-- Parking Database Backup
-- Created: 2026-06-30T08:10:09.347Z
USE `parking_db`;

SET FOREIGN_KEY_CHECKS = 0;

-- Table: monthly_parking
DROP TABLE IF EXISTS `monthly_parking`;
CREATE TABLE `monthly_parking` (
  `monthly_id` int NOT NULL AUTO_INCREMENT,
  `plate_number` varchar(15) DEFAULT NULL,
  `area_id` int DEFAULT NULL,
  `start_date` date DEFAULT NULL,
  `end_date` date DEFAULT NULL,
  `status` varchar(20) DEFAULT 'active',
  PRIMARY KEY (`monthly_id`) /*T![clustered_index] CLUSTERED */,
  KEY `fk_1` (`plate_number`),
  KEY `fk_2` (`area_id`),
  CONSTRAINT `fk_1` FOREIGN KEY (`plate_number`) REFERENCES `vehicles` (`plate_number`),
  CONSTRAINT `fk_2` FOREIGN KEY (`area_id`) REFERENCES `parking_area` (`area_id`)
) ENGINE=InnoDB DEFAULT CHARSET=utf8mb4 COLLATE=utf8mb4_bin AUTO_INCREMENT=120001;

INSERT INTO `monthly_parking` (`monthly_id`, `plate_number`, `area_id`, `start_date`, `end_date`, `status`) VALUES
(1, '29A12345', 1, '2023-12-31 17:00:00', '2026-07-02 17:00:00', 'active'),
(2, '30B67890', 2, '2024-02-29 17:00:00', '2027-12-30 17:00:00', 'active'),
(3, '51F99999', 2, '2024-04-30 17:00:00', '2027-12-30 17:00:00', 'active'),
(4, '59M111111', 1, '2022-12-31 17:00:00', '2023-12-30 17:00:00', 'expired'),
(30041, '30S68738', 2, '2026-05-27 17:00:00', '2027-12-30 17:00:00', 'active'),
(30042, '31K52606', 1, '2026-05-27 17:00:00', '2027-12-30 17:00:00', 'active'),
(30043, '34V79103', 1, '2026-05-27 17:00:00', '2027-12-30 17:00:00', 'active'),
(30044, '30I32371', 1, '2026-05-27 17:00:00', '2027-12-30 17:00:00', 'active'),
(30045, '30N98299', 2, '2026-05-27 17:00:00', '2027-12-30 17:00:00', 'active'),
(30046, '36A44590', 2, '2026-05-27 17:00:00', '2027-12-30 17:00:00', 'active'),
(30047, '47Y88469', 2, '2026-05-27 17:00:00', '2027-12-30 17:00:00', 'active'),
(30048, '29O20832', 2, '2026-05-27 17:00:00', '2027-12-30 17:00:00', 'active'),
(30049, '43L15052', 1, '2026-05-27 17:00:00', '2027-12-30 17:00:00', 'active'),
(30050, '36D47156', 1, '2026-05-27 17:00:00', '2027-12-30 17:00:00', 'active'),
(30051, '59W54719', 1, '2026-05-27 17:00:00', '2027-12-30 17:00:00', 'active'),
(30052, '34K67029', 2, '2026-05-27 17:00:00', '2027-12-30 17:00:00', 'active'),
(30053, '29Z89732', 2, '2026-05-27 17:00:00', '2027-12-30 17:00:00', 'active'),
(30054, '59O11085', 2, '2026-05-27 17:00:00', '2027-12-30 17:00:00', 'active'),
(30055, '43Q16974', 1, '2026-05-27 17:00:00', '2027-12-30 17:00:00', 'active'),
(30056, '59R52671', 1, '2026-05-27 17:00:00', '2027-12-30 17:00:00', 'active'),
(30057, '51G59137', 1, '2026-05-27 17:00:00', '2027-12-30 17:00:00', 'active'),
(30058, '30W36269', 2, '2026-05-27 17:00:00', '2027-12-30 17:00:00', 'active'),
(30059, '36Y10027', 1, '2026-05-27 17:00:00', '2027-12-30 17:00:00', 'active'),
(30060, '31O99351', 2, '2026-05-27 17:00:00', '2027-12-30 17:00:00', 'active'),
(30061, '34K24671', 1, '2026-05-27 17:00:00', '2027-12-30 17:00:00', 'active'),
(30062, '34D63228', 1, '2026-05-27 17:00:00', '2027-12-30 17:00:00', 'active'),
(30063, '36E81599', 1, '2026-05-27 17:00:00', '2027-12-30 17:00:00', 'active'),
(30064, '34J97689', 2, '2026-05-27 17:00:00', '2027-12-30 17:00:00', 'active'),
(30065, '47N49191', 1, '2026-05-27 17:00:00', '2027-12-30 17:00:00', 'active'),
(30066, '29D12311', 1, '2026-05-27 17:00:00', '2027-12-30 17:00:00', 'active'),
(30067, '31C27369', 1, '2026-05-27 17:00:00', '2027-12-30 17:00:00', 'active'),
(30068, '29Z46625', 1, '2026-05-27 17:00:00', '2027-12-30 17:00:00', 'active'),
(30069, '43T91008', 1, '2026-05-27 17:00:00', '2027-12-30 17:00:00', 'active'),
(30070, '59W27224', 2, '2026-05-27 17:00:00', '2027-12-30 17:00:00', 'active'),
(30071, '51T29646', 2, '2026-05-27 17:00:00', '2027-12-30 17:00:00', 'active'),
(30072, '30H48286', 1, '2026-05-27 17:00:00', '2027-12-30 17:00:00', 'active'),
(30073, '72F87390', 1, '2026-05-27 17:00:00', '2027-12-30 17:00:00', 'active'),
(30074, '59C30327', 2, '2026-05-27 17:00:00', '2027-12-30 17:00:00', 'active'),
(30075, '29Y96482', 2, '2026-05-27 17:00:00', '2027-12-30 17:00:00', 'active'),
(30076, '43V80498', 1, '2026-05-27 17:00:00', '2027-12-30 17:00:00', 'active'),
(30077, '51N16735', 1, '2026-05-27 17:00:00', '2027-12-30 17:00:00', 'active'),
(30078, '29X93404', 2, '2026-05-27 17:00:00', '2027-12-30 17:00:00', 'active'),
(30079, '51E64956', 1, '2026-05-27 17:00:00', '2027-12-30 17:00:00', 'active'),
(30080, '47Y38502', 1, '2026-05-27 17:00:00', '2027-12-30 17:00:00', 'active'),
(60001, '29A12345', 1, '2027-12-31 17:00:00', '2026-07-02 17:00:00', 'active'),
(60002, '30A9999', 1, '2026-06-28 17:00:00', '2026-07-28 17:00:00', 'active'),
(90001, '30A9999', 1, '2026-07-29 17:00:00', '2026-08-29 17:00:00', 'active');

-- Table: notifications
DROP TABLE IF EXISTS `notifications`;
CREATE TABLE `notifications` (
  `notification_id` int NOT NULL AUTO_INCREMENT,
  `user_id` int NOT NULL,
  `title` varchar(255) NOT NULL,
  `content` text NOT NULL,
  `type` varchar(50) DEFAULT NULL,
  `is_read` tinyint(1) DEFAULT '0',
  `created_at` timestamp DEFAULT CURRENT_TIMESTAMP,
  PRIMARY KEY (`notification_id`) /*T![clustered_index] CLUSTERED */,
  KEY `fk_1` (`user_id`),
  CONSTRAINT `fk_1` FOREIGN KEY (`user_id`) REFERENCES `users` (`user_id`) ON DELETE CASCADE
) ENGINE=InnoDB DEFAULT CHARSET=utf8mb4 COLLATE=utf8mb4_bin AUTO_INCREMENT=240001;

INSERT INTO `notifications` (`notification_id`, `user_id`, `title`, `content`, `type`, `is_read`, `created_at`) VALUES
(1, 11, 'Thông báo xe vào bãi', 'Xe biển số 29A12345 của bạn đã được CHECK-IN lúc 07:46:30 28/6/2026.', 'PARKING_CHECKIN', 1, '2026-06-28 00:46:30'),
(2, 11, 'Thông báo xe ra bãi', 'Xe biển số 29A12345 của bạn đã được CHECK-OUT lúc 07:58:11 28/6/2026 (Phí: 5.000 VNĐ).', 'PARKING_CHECKOUT', 1, '2026-06-28 00:58:11'),
(30001, 30055, 'Kết quả duyệt đăng ký xe', 'Yêu cầu đăng ký xe biển số 37T95446 của bạn đã được CHẤP THUẬN.', 'VEHICLE_APPROVED', 0, '2026-06-29 06:47:06'),
(60001, 9, 'Yêu cầu duyệt đăng ký xe mới', 'Cư dân Trần Thanh Tùng (Căn hộ C2-0308) đã đăng ký xe mới biển số 88A1233. Vui lòng phê duyệt.', 'VEHICLE_APPROVAL_REQUEST', 1, '2026-06-29 06:49:48'),
(60002, 60001, 'Yêu cầu duyệt đăng ký xe mới', 'Cư dân Trần Thanh Tùng (Căn hộ C2-0308) đã đăng ký xe mới biển số 88A1233. Vui lòng phê duyệt.', 'VEHICLE_APPROVAL_REQUEST', 0, '2026-06-29 06:49:48'),
(60003, 90001, 'Yêu cầu duyệt đăng ký xe mới', 'Cư dân Trần Thanh Tùng (Căn hộ C2-0308) đã đăng ký xe mới biển số 88A1233. Vui lòng phê duyệt.', 'VEHICLE_APPROVAL_REQUEST', 0, '2026-06-29 06:49:48'),
(60004, 30063, 'Thông báo xe vào bãi', 'Xe biển số 88A1233 của bạn đã được CHECK-IN lúc 13:50:59 29/6/2026.', 'PARKING_CHECKIN', 0, '2026-06-29 06:50:59'),
(60005, 30063, 'Thông báo xe ra bãi', 'Xe biển số 88A1233 của bạn đã được CHECK-OUT lúc 13:51:09 29/6/2026 (Phí: 10.000 VNĐ).', 'PARKING_CHECKOUT', 0, '2026-06-29 06:51:09'),
(60006, 30063, 'Thông báo xe vào bãi', 'Xe biển số 88A1233 của bạn đã được CHECK-IN lúc 13:51:13 29/6/2026.', 'PARKING_CHECKIN', 0, '2026-06-29 06:51:13'),
(90001, 11, 'Thông báo xe vào bãi', 'Xe biển số 29A12345 của bạn đã được CHECK-IN lúc 14:04:16 29/6/2026.', 'PARKING_CHECKIN', 1, '2026-06-29 07:04:16'),
(90002, 9, 'Yêu cầu duyệt đăng ký xe mới', 'Cư dân Lý Quốc Hải (Căn hộ B2-0807) đã đăng ký xe mới biển số 66AB14789, loại xe Xe máy. Vui lòng phê duyệt.', 'VEHICLE_APPROVAL_REQUEST', 1, '2026-06-29 07:11:42'),
(90003, 60001, 'Yêu cầu duyệt đăng ký xe mới', 'Cư dân Lý Quốc Hải (Căn hộ B2-0807) đã đăng ký xe mới biển số 66AB14789, loại xe Xe máy. Vui lòng phê duyệt.', 'VEHICLE_APPROVAL_REQUEST', 0, '2026-06-29 07:11:42'),
(90004, 90001, 'Yêu cầu duyệt đăng ký xe mới', 'Cư dân Lý Quốc Hải (Căn hộ B2-0807) đã đăng ký xe mới biển số 66AB14789, loại xe Xe máy. Vui lòng phê duyệt.', 'VEHICLE_APPROVAL_REQUEST', 0, '2026-06-29 07:11:42'),
(90005, 30051, 'Kết quả duyệt đăng ký xe', 'Yêu cầu đăng ký xe biển số 66AB14789 của bạn đã được CHẤP THUẬN.', 'VEHICLE_APPROVED', 0, '2026-06-29 07:11:59'),
(90006, 30077, 'Kết quả duyệt đăng ký xe', 'Yêu cầu đăng ký xe biển số 51T61989 của bạn đã được CHẤP THUẬN.', 'VEHICLE_APPROVED', 0, '2026-06-29 07:12:02'),
(120001, 11, 'Thông báo xe ra bãi', 'Xe biển số 29A12345 của bạn đã được CHECK-OUT lúc 14:24:36 29/6/2026 (Phí: 0 VNĐ).', 'PARKING_CHECKOUT', 1, '2026-06-29 07:24:36'),
(120002, 11, 'Thông báo xe vào bãi', 'Xe biển số 29A12345 của bạn đã được CHECK-IN lúc 14:24:43 29/6/2026.', 'PARKING_CHECKIN', 1, '2026-06-29 07:24:43'),
(120003, 9, 'Yêu cầu duyệt đăng ký xe mới', 'Cư dân Nguyễn Cười (Căn hộ A109) đã đăng ký xe mới biển số 13A9999. Vui lòng phê duyệt.', 'VEHICLE_APPROVAL_REQUEST', 1, '2026-06-29 07:29:53'),
(120004, 60001, 'Yêu cầu duyệt đăng ký xe mới', 'Cư dân Nguyễn Cười (Căn hộ A109) đã đăng ký xe mới biển số 13A9999. Vui lòng phê duyệt.', 'VEHICLE_APPROVAL_REQUEST', 0, '2026-06-29 07:29:53'),
(120005, 90001, 'Yêu cầu duyệt đăng ký xe mới', 'Cư dân Nguyễn Cười (Căn hộ A109) đã đăng ký xe mới biển số 13A9999. Vui lòng phê duyệt.', 'VEHICLE_APPROVAL_REQUEST', 0, '2026-06-29 07:29:53'),
(120006, 150001, 'Yêu cầu duyệt đăng ký xe mới', 'Cư dân Nguyễn Cười (Căn hộ A109) đã đăng ký xe mới biển số 13A9999. Vui lòng phê duyệt.', 'VEHICLE_APPROVAL_REQUEST', 0, '2026-06-29 07:29:53'),
(120007, 9, 'Yêu cầu duyệt đăng ký xe mới', 'Cư dân Trần Văn (Căn hộ A123) đã đăng ký xe mới biển số 55A55555. Vui lòng phê duyệt.', 'VEHICLE_APPROVAL_REQUEST', 1, '2026-06-29 07:41:22'),
(120008, 60001, 'Yêu cầu duyệt đăng ký xe mới', 'Cư dân Trần Văn (Căn hộ A123) đã đăng ký xe mới biển số 55A55555. Vui lòng phê duyệt.', 'VEHICLE_APPROVAL_REQUEST', 0, '2026-06-29 07:41:22'),
(120009, 90001, 'Yêu cầu duyệt đăng ký xe mới', 'Cư dân Trần Văn (Căn hộ A123) đã đăng ký xe mới biển số 55A55555. Vui lòng phê duyệt.', 'VEHICLE_APPROVAL_REQUEST', 0, '2026-06-29 07:41:22'),
(120010, 150001, 'Yêu cầu duyệt đăng ký xe mới', 'Cư dân Trần Văn (Căn hộ A123) đã đăng ký xe mới biển số 55A55555. Vui lòng phê duyệt.', 'VEHICLE_APPROVAL_REQUEST', 0, '2026-06-29 07:41:22'),
(120011, 150005, 'Yêu cầu duyệt đăng ký xe mới', 'Cư dân Trần Văn (Căn hộ A123) đã đăng ký xe mới biển số 55A55555. Vui lòng phê duyệt.', 'VEHICLE_APPROVAL_REQUEST', 0, '2026-06-29 07:41:22'),
(120012, 11, 'Thông báo xe ra bãi', 'Xe biển số 29A12345 của bạn đã được CHECK-OUT lúc 14:42:57 29/6/2026 (Phí: 0 VNĐ).', 'PARKING_CHECKOUT', 1, '2026-06-29 07:42:57'),
(120013, 9, 'Yêu cầu duyệt đăng ký xe mới', 'Cư dân Trần Văn An (Căn hộ A101) đã đăng ký xe mới biển số 30A9999, loại xe Xe máy. Vui lòng phê duyệt.', 'VEHICLE_APPROVAL_REQUEST', 1, '2026-06-29 07:44:05'),
(120014, 60001, 'Yêu cầu duyệt đăng ký xe mới', 'Cư dân Trần Văn An (Căn hộ A101) đã đăng ký xe mới biển số 30A9999, loại xe Xe máy. Vui lòng phê duyệt.', 'VEHICLE_APPROVAL_REQUEST', 0, '2026-06-29 07:44:05'),
(120015, 90001, 'Yêu cầu duyệt đăng ký xe mới', 'Cư dân Trần Văn An (Căn hộ A101) đã đăng ký xe mới biển số 30A9999, loại xe Xe máy. Vui lòng phê duyệt.', 'VEHICLE_APPROVAL_REQUEST', 0, '2026-06-29 07:44:05'),
(120016, 150001, 'Yêu cầu duyệt đăng ký xe mới', 'Cư dân Trần Văn An (Căn hộ A101) đã đăng ký xe mới biển số 30A9999, loại xe Xe máy. Vui lòng phê duyệt.', 'VEHICLE_APPROVAL_REQUEST', 0, '2026-06-29 07:44:05'),
(120017, 150005, 'Yêu cầu duyệt đăng ký xe mới', 'Cư dân Trần Văn An (Căn hộ A101) đã đăng ký xe mới biển số 30A9999, loại xe Xe máy. Vui lòng phê duyệt.', 'VEHICLE_APPROVAL_REQUEST', 0, '2026-06-29 07:44:05'),
(120018, 9, 'Yêu cầu gia hạn vé tháng', 'Cư dân Trần Văn An (Căn hộ A101) đã gửi yêu cầu gia hạn vé tháng cho xe biển số 29A12345 (Thời hạn mới dự kiến: từ 1/1/2028 đến 1/2/2028).', 'MONTHLY_RENEW_REQUEST', 1, '2026-06-29 07:44:31'),
(120019, 60001, 'Yêu cầu gia hạn vé tháng', 'Cư dân Trần Văn An (Căn hộ A101) đã gửi yêu cầu gia hạn vé tháng cho xe biển số 29A12345 (Thời hạn mới dự kiến: từ 1/1/2028 đến 1/2/2028).', 'MONTHLY_RENEW_REQUEST', 0, '2026-06-29 07:44:31'),
(120020, 90001, 'Yêu cầu gia hạn vé tháng', 'Cư dân Trần Văn An (Căn hộ A101) đã gửi yêu cầu gia hạn vé tháng cho xe biển số 29A12345 (Thời hạn mới dự kiến: từ 1/1/2028 đến 1/2/2028).', 'MONTHLY_RENEW_REQUEST', 0, '2026-06-29 07:44:31'),
(120021, 150001, 'Yêu cầu gia hạn vé tháng', 'Cư dân Trần Văn An (Căn hộ A101) đã gửi yêu cầu gia hạn vé tháng cho xe biển số 29A12345 (Thời hạn mới dự kiến: từ 1/1/2028 đến 1/2/2028).', 'MONTHLY_RENEW_REQUEST', 0, '2026-06-29 07:44:31'),
(120022, 150005, 'Yêu cầu gia hạn vé tháng', 'Cư dân Trần Văn An (Căn hộ A101) đã gửi yêu cầu gia hạn vé tháng cho xe biển số 29A12345 (Thời hạn mới dự kiến: từ 1/1/2028 đến 1/2/2028).', 'MONTHLY_RENEW_REQUEST', 0, '2026-06-29 07:44:31'),
(120023, 11, 'Kết quả duyệt vé tháng', 'Đơn đăng ký vé tháng cho xe biển số 29A12345 đã được CHẤP THUẬN (Thời hạn: 1/2/2028).', 'MONTHLY_STATUS_UPDATED', 1, '2026-06-29 07:44:51'),
(120024, 11, 'Kết quả duyệt đăng ký xe', 'Yêu cầu đăng ký xe biển số 30A9999 của bạn đã được CHẤP THUẬN.', 'VEHICLE_APPROVED', 1, '2026-06-29 07:44:56'),
(120025, 9, 'Yêu cầu duyệt vé tháng', 'Cư dân Trần Văn An (Căn hộ A101) đã gửi yêu cầu đăng ký vé tháng cho xe biển số 30A9999.', 'MONTHLY_APPROVAL_REQUEST', 1, '2026-06-29 07:45:15'),
(120026, 60001, 'Yêu cầu duyệt vé tháng', 'Cư dân Trần Văn An (Căn hộ A101) đã gửi yêu cầu đăng ký vé tháng cho xe biển số 30A9999.', 'MONTHLY_APPROVAL_REQUEST', 0, '2026-06-29 07:45:15'),
(120027, 90001, 'Yêu cầu duyệt vé tháng', 'Cư dân Trần Văn An (Căn hộ A101) đã gửi yêu cầu đăng ký vé tháng cho xe biển số 30A9999.', 'MONTHLY_APPROVAL_REQUEST', 0, '2026-06-29 07:45:15'),
(120028, 150001, 'Yêu cầu duyệt vé tháng', 'Cư dân Trần Văn An (Căn hộ A101) đã gửi yêu cầu đăng ký vé tháng cho xe biển số 30A9999.', 'MONTHLY_APPROVAL_REQUEST', 0, '2026-06-29 07:45:15'),
(120029, 150005, 'Yêu cầu duyệt vé tháng', 'Cư dân Trần Văn An (Căn hộ A101) đã gửi yêu cầu đăng ký vé tháng cho xe biển số 30A9999.', 'MONTHLY_APPROVAL_REQUEST', 0, '2026-06-29 07:45:15'),
(120030, 11, 'Kết quả duyệt vé tháng', 'Đơn đăng ký vé tháng cho xe biển số 30A9999 đã được CHẤP THUẬN (Thời hạn: 29/7/2026).', 'MONTHLY_STATUS_UPDATED', 1, '2026-06-29 07:45:25'),
(150001, 11, 'Vé tháng sắp hết hạn', 'Vé tháng của xe biển số 29A12345 sẽ hết hạn vào ngày 03/07/2026. Vui lòng gia hạn sớm.', 'TICKET_EXPIRING_WARNING', 0, '2026-06-29 19:59:49'),
(150002, 11, 'Vé tháng sắp hết hạn', 'Vé tháng của xe biển số 29A12345 sẽ hết hạn vào ngày 03/07/2026. Vui lòng gia hạn sớm.', 'TICKET_EXPIRING_WARNING', 0, '2026-06-29 19:59:49'),
(180001, 9, 'Yêu cầu gia hạn vé tháng', 'Cư dân Trần Văn An (Căn hộ A101) đã gửi yêu cầu gia hạn vé tháng cho xe biển số 30A9999 (Thời hạn mới dự kiến: từ 30/7/2026 đến 30/8/2026).', 'MONTHLY_RENEW_REQUEST', 1, '2026-06-29 23:41:15'),
(180002, 60001, 'Yêu cầu gia hạn vé tháng', 'Cư dân Trần Văn An (Căn hộ A101) đã gửi yêu cầu gia hạn vé tháng cho xe biển số 30A9999 (Thời hạn mới dự kiến: từ 30/7/2026 đến 30/8/2026).', 'MONTHLY_RENEW_REQUEST', 0, '2026-06-29 23:41:15'),
(180003, 90001, 'Yêu cầu gia hạn vé tháng', 'Cư dân Trần Văn An (Căn hộ A101) đã gửi yêu cầu gia hạn vé tháng cho xe biển số 30A9999 (Thời hạn mới dự kiến: từ 30/7/2026 đến 30/8/2026).', 'MONTHLY_RENEW_REQUEST', 0, '2026-06-29 23:41:15'),
(180004, 150001, 'Yêu cầu gia hạn vé tháng', 'Cư dân Trần Văn An (Căn hộ A101) đã gửi yêu cầu gia hạn vé tháng cho xe biển số 30A9999 (Thời hạn mới dự kiến: từ 30/7/2026 đến 30/8/2026).', 'MONTHLY_RENEW_REQUEST', 0, '2026-06-29 23:41:15'),
(180005, 150005, 'Yêu cầu gia hạn vé tháng', 'Cư dân Trần Văn An (Căn hộ A101) đã gửi yêu cầu gia hạn vé tháng cho xe biển số 30A9999 (Thời hạn mới dự kiến: từ 30/7/2026 đến 30/8/2026).', 'MONTHLY_RENEW_REQUEST', 0, '2026-06-29 23:41:15'),
(180006, 11, 'Kết quả duyệt vé tháng', 'Đơn đăng ký vé tháng cho xe biển số 30A9999 đã được CHẤP THUẬN (Thời hạn: 30/8/2026).', 'MONTHLY_STATUS_UPDATED', 0, '2026-06-29 23:41:29'),
(210001, 11, 'Vé tháng sắp hết hạn', 'Vé tháng của xe biển số 29A12345 sẽ hết hạn vào ngày 03/07/2026. Vui lòng gia hạn sớm.', 'TICKET_EXPIRING_WARNING', 0, '2026-06-30 01:00:00'),
(210002, 11, 'Vé tháng sắp hết hạn', 'Vé tháng của xe biển số 29A12345 sẽ hết hạn vào ngày 03/07/2026. Vui lòng gia hạn sớm.', 'TICKET_EXPIRING_WARNING', 0, '2026-06-30 01:00:00');

-- Table: parking_area
DROP TABLE IF EXISTS `parking_area`;
CREATE TABLE `parking_area` (
  `area_id` int NOT NULL AUTO_INCREMENT,
  `area_name` varchar(50) DEFAULT NULL,
  `type_id` int DEFAULT NULL,
  `capacity` int DEFAULT NULL,
  `available_slots` int DEFAULT NULL,
  PRIMARY KEY (`area_id`) /*T![clustered_index] CLUSTERED */,
  KEY `fk_1` (`type_id`),
  CONSTRAINT `fk_1` FOREIGN KEY (`type_id`) REFERENCES `vehicle_types` (`type_id`)
) ENGINE=InnoDB DEFAULT CHARSET=utf8mb4 COLLATE=utf8mb4_bin AUTO_INCREMENT=30001;

INSERT INTO `parking_area` (`area_id`, `area_name`, `type_id`, `capacity`, `available_slots`) VALUES
(1, 'Tầng hầm B1 - Xe máy', 1, 100, 95),
(2, 'Tầng hầm B2 - Ô tô', 2, 50, 48);

-- Table: parking_fee
DROP TABLE IF EXISTS `parking_fee`;
CREATE TABLE `parking_fee` (
  `type_id` int NOT NULL,
  `monthly_fee` decimal(12,2) DEFAULT NULL,
  `block_hours` int DEFAULT '4',
  `day_block_price` decimal(12,2) DEFAULT NULL,
  `night_block_price` decimal(12,2) DEFAULT NULL,
  PRIMARY KEY (`type_id`) /*T![clustered_index] CLUSTERED */,
  CONSTRAINT `fk_1` FOREIGN KEY (`type_id`) REFERENCES `vehicle_types` (`type_id`)
) ENGINE=InnoDB DEFAULT CHARSET=utf8mb4 COLLATE=utf8mb4_bin;

INSERT INTO `parking_fee` (`type_id`, `monthly_fee`, `block_hours`, `day_block_price`, `night_block_price`) VALUES
(1, '200000.00', 4, '5000.00', '6000.00'),
(2, '500000.00', 4, '20000.00', '30000.00');

-- Table: parking_session
DROP TABLE IF EXISTS `parking_session`;
CREATE TABLE `parking_session` (
  `session_id` int NOT NULL AUTO_INCREMENT,
  `plate_number` varchar(20) NOT NULL,
  `staff_id` int DEFAULT NULL,
  `time_in` timestamp NOT NULL,
  `time_out` timestamp NULL DEFAULT NULL,
  `status` varchar(20) DEFAULT 'parking',
  `fee_amount` decimal(12,2) DEFAULT '0',
  `type_id` int DEFAULT NULL,
  PRIMARY KEY (`session_id`) /*T![clustered_index] CLUSTERED */,
  KEY `fk_1` (`staff_id`),
  KEY `fk_2` (`type_id`),
  CONSTRAINT `fk_1` FOREIGN KEY (`staff_id`) REFERENCES `security` (`staff_id`),
  CONSTRAINT `fk_2` FOREIGN KEY (`type_id`) REFERENCES `vehicle_types` (`type_id`)
) ENGINE=InnoDB DEFAULT CHARSET=utf8mb4 COLLATE=utf8mb4_bin AUTO_INCREMENT=180001;

INSERT INTO `parking_session` (`session_id`, `plate_number`, `staff_id`, `time_in`, `time_out`, `status`, `fee_amount`, `type_id`) VALUES
(301, '72G19816', 2, '2026-06-21 08:11:33', '2026-06-21 12:23:30', 'completed', '0.00', 2),
(303, '29A71604', 2, '2026-06-25 01:46:19', '2026-06-25 05:30:39', 'completed', '5000.00', 1),
(304, '72L36475', 2, '2026-06-13 09:01:19', '2026-06-13 19:34:49', 'completed', '0.00', 2),
(305, '37O18581', 2, '2026-06-10 07:45:32', '2026-06-10 13:12:50', 'completed', '10000.00', 1),
(309, '36X95901', 2, '2026-06-27 22:09:46', '2026-06-28 05:01:29', 'completed', '0.00', 1),
(312, '34M33037', 2, '2026-06-26 20:31:32', '2026-06-27 03:52:44', 'completed', '0.00', 1),
(313, '43V13958', 2, '2026-06-24 15:27:10', '2026-06-25 02:26:40', 'completed', '15000.00', 1),
(315, '75O99310', 2, '2026-06-26 09:22:56', '2026-06-26 19:15:24', 'completed', '15000.00', 1),
(316, '36E48577', 2, '2026-06-24 08:50:38', '2026-06-24 15:30:13', 'completed', '20000.00', 2),
(318, '72H90487', 2, '2026-06-25 02:25:08', '2026-06-25 10:01:43', 'completed', '10000.00', 1),
(319, '37C23766', 2, '2026-06-16 03:44:38', '2026-06-16 10:57:15', 'completed', '20000.00', 2),
(320, '36H82915', 2, '2026-06-10 18:00:24', '2026-06-10 21:46:50', 'completed', '5000.00', 1),
(321, '31C27369', 2, '2026-06-26 14:32:31', '2026-06-26 15:48:03', 'completed', '0.00', 1),
(324, '72G19816', 2, '2026-06-23 13:46:40', '2026-06-23 19:16:04', 'completed', '0.00', 2),
(325, '59A40807', 2, '2026-06-22 04:50:37', '2026-06-22 08:50:33', 'completed', '5000.00', 1),
(326, '59W27224', 2, '2026-06-20 10:40:51', '2026-06-20 14:42:13', 'completed', '0.00', 2),
(327, '29F68830', 2, '2026-06-13 16:59:34', '2026-06-13 21:51:32', 'completed', '0.00', 1),
(328, '36E81599', 2, '2026-06-17 13:27:19', '2026-06-18 00:41:24', 'completed', '0.00', 1),
(329, '75T62262', 2, '2026-06-27 03:42:56', '2026-06-27 08:55:30', 'completed', '20000.00', 2),
(330, '29Z89732', 2, '2026-06-25 23:52:26', '2026-06-26 11:42:00', 'completed', '0.00', 2),
(331, '30M64490', 2, '2026-06-11 04:00:18', '2026-06-11 15:16:18', 'completed', '15000.00', 1),
(333, '29V92808', 2, '2026-06-17 16:25:30', '2026-06-17 20:40:23', 'completed', '0.00', 2),
(335, '47V55010', 2, '2026-06-14 21:14:09', '2026-06-15 04:59:37', 'completed', '10000.00', 1),
(336, '51Z62744', 2, '2026-06-27 01:45:08', '2026-06-27 03:20:32', 'completed', '10000.00', 2),
(337, '51Y64139', 2, '2026-06-09 04:38:39', '2026-06-09 14:26:42', 'completed', '0.00', 1),
(339, '34K24671', 2, '2026-06-10 09:02:53', '2026-06-10 13:13:21', 'completed', '0.00', 1),
(340, '47N49191', 2, '2026-06-23 15:37:51', '2026-06-23 23:33:00', 'completed', '0.00', 1),
(342, '34M33037', 2, '2026-06-25 15:20:59', '2026-06-25 17:16:40', 'completed', '0.00', 1),
(343, '75W50028', 2, '2026-06-15 22:55:38', '2026-06-16 08:34:26', 'completed', '0.00', 1),
(344, '36C87875', 2, '2026-06-27 13:06:54', '2026-06-27 18:46:13', 'completed', '0.00', 2),
(345, '37K63845', 2, '2026-06-20 16:00:52', '2026-06-21 03:08:25', 'completed', '0.00', 1),
(346, '30U23524', 2, '2026-06-26 21:38:38', '2026-06-27 05:38:11', 'completed', '0.00', 1),
(347, '59W54719', 2, '2026-06-16 05:45:56', '2026-06-16 13:13:35', 'completed', '0.00', 1),
(348, '34V79103', 2, '2026-06-20 00:11:08', '2026-06-20 07:49:47', 'completed', '0.00', 1),
(349, '51X23834', 2, '2026-06-27 21:35:29', '2026-06-28 01:58:16', 'completed', '10000.00', 1),
(352, '36C87875', 2, '2026-06-09 08:44:05', '2026-06-09 19:19:43', 'completed', '0.00', 2),
(353, '36K29455', 2, '2026-06-20 02:23:25', '2026-06-20 09:54:21', 'completed', '10000.00', 1),
(354, '30H48286', 2, '2026-06-15 10:02:15', '2026-06-15 13:42:39', 'completed', '0.00', 1),
(358, '72N94863', 2, '2026-06-27 06:55:09', '2026-06-27 15:49:59', 'completed', '15000.00', 1),
(359, '47S58597', 2, '2026-06-10 06:37:12', '2026-06-10 18:35:38', 'completed', '15000.00', 1),
(361, '36A44590', 2, '2026-06-20 06:35:00', '2026-06-20 11:32:01', 'completed', '0.00', 2),
(363, '72L36475', 2, '2026-06-10 22:43:33', '2026-06-11 09:47:56', 'completed', '0.00', 2),
(364, '47Y38502', 2, '2026-06-18 11:07:38', '2026-06-18 12:47:44', 'completed', '0.00', 1),
(365, '72G24733', 2, '2026-06-08 12:17:29', '2026-06-09 00:16:26', 'completed', '15000.00', 1),
(366, '34K24671', 2, '2026-06-23 11:48:02', '2026-06-23 20:35:56', 'completed', '0.00', 1),
(367, '34R22262', 2, '2026-06-21 07:42:40', '2026-06-21 17:13:48', 'completed', '30000.00', 2),
(369, '36D47156', 2, '2026-06-15 16:54:38', '2026-06-16 01:44:12', 'completed', '0.00', 1),
(370, '59M74412', 2, '2026-06-10 01:37:23', '2026-06-10 04:01:28', 'completed', '10000.00', 2),
(372, '59O11085', 2, '2026-06-15 03:05:44', '2026-06-15 12:33:53', 'completed', '0.00', 2),
(373, '47Y38502', 2, '2026-06-24 23:42:03', '2026-06-25 10:16:01', 'completed', '0.00', 1),
(374, '36Y10027', 2, '2026-06-22 04:03:49', '2026-06-22 08:37:06', 'completed', '0.00', 1),
(375, '47Y88469', 2, '2026-06-12 01:52:33', '2026-06-12 10:35:02', 'completed', '0.00', 2),
(376, '59E59155', 2, '2026-06-18 12:14:32', '2026-06-18 23:27:52', 'completed', '30000.00', 2),
(378, '75U59309', 2, '2026-06-22 18:30:07', '2026-06-22 20:35:52', 'completed', '0.00', 1),
(379, '72G19816', 2, '2026-06-20 00:46:39', '2026-06-20 05:07:02', 'completed', '0.00', 2),
(380, '31A11954', 2, '2026-06-25 12:11:36', '2026-06-25 19:13:41', 'completed', '10000.00', 1),
(384, '36X97857', 2, '2026-06-25 16:17:04', '2026-06-25 19:30:28', 'completed', '5000.00', 1),
(387, '59W27224', 2, '2026-06-16 14:09:31', '2026-06-16 15:27:55', 'completed', '0.00', 2),
(388, '34V79103', 2, '2026-06-15 17:10:44', '2026-06-16 04:47:58', 'completed', '0.00', 1),
(389, '43T91008', 2, '2026-06-23 03:26:16', '2026-06-23 08:57:25', 'completed', '0.00', 1),
(390, '75U59309', 2, '2026-06-22 15:18:04', '2026-06-22 19:58:50', 'completed', '0.00', 1),
(392, '29X58578', 2, '2026-06-22 17:23:49', '2026-06-23 03:59:12', 'completed', '15000.00', 1),
(393, '43V80498', 2, '2026-06-26 10:20:25', '2026-06-26 20:15:09', 'completed', '0.00', 1),
(395, '34R94528', 2, '2026-06-27 18:24:57', '2026-06-27 23:34:18', 'completed', '0.00', 2),
(398, '72G60306', 2, '2026-06-27 05:59:52', '2026-06-27 14:48:46', 'completed', '15000.00', 1),
(399, '34R36156', 2, '2026-06-09 16:36:57', '2026-06-10 02:00:29', 'completed', '15000.00', 1),
(400, '47N49191', 2, '2026-06-13 09:03:15', '2026-06-13 11:13:20', 'completed', '0.00', 1),
(401, '75X64931', 2, '2026-06-13 02:36:49', '2026-06-13 11:45:25', 'completed', '15000.00', 1),
(402, '72E35677', 2, '2026-06-17 15:26:42', '2026-06-17 23:00:41', 'completed', '10000.00', 1),
(403, '30N98299', 2, '2026-06-14 08:21:08', '2026-06-14 19:18:54', 'completed', '0.00', 2),
(405, '31Y57293', 2, '2026-06-22 05:39:41', '2026-06-22 16:08:04', 'completed', '15000.00', 1),
(406, '36A78595', 2, '2026-06-15 19:56:19', '2026-06-16 05:07:49', 'completed', '15000.00', 1),
(407, '36Y10027', 2, '2026-06-12 20:42:42', '2026-06-13 06:56:50', 'completed', '0.00', 1),
(408, '36C97186', 2, '2026-06-17 21:51:50', '2026-06-18 07:10:17', 'completed', '30000.00', 2),
(410, '30N98299', 2, '2026-06-08 22:33:14', '2026-06-09 03:30:33', 'completed', '0.00', 2),
(412, '47L24089', 2, '2026-06-23 03:32:22', '2026-06-23 08:49:57', 'completed', '10000.00', 1),
(413, '34Z65957', 2, '2026-06-19 15:56:53', '2026-06-19 19:09:31', 'completed', '5000.00', 1),
(417, '31Z41448', 2, '2026-06-24 02:49:24', '2026-06-24 07:57:22', 'completed', '0.00', 2),
(419, '30K76749', 2, '2026-06-25 04:08:14', '2026-06-25 09:47:12', 'completed', '10000.00', 1),
(421, '29Z46625', 2, '2026-06-09 04:56:35', '2026-06-09 14:28:25', 'completed', '0.00', 1),
(422, '47J48998', 2, '2026-06-13 23:40:23', '2026-06-14 03:26:59', 'completed', '0.00', 1),
(426, '75U59309', 2, '2026-06-24 23:05:52', '2026-06-25 10:06:56', 'completed', '0.00', 1),
(428, '36Q53283', 2, '2026-06-14 21:37:15', '2026-06-14 23:42:57', 'completed', '0.00', 1),
(429, '47J48998', 2, '2026-06-16 02:22:23', '2026-06-16 07:52:32', 'completed', '0.00', 1),
(430, '29V92808', 2, '2026-06-22 02:30:28', '2026-06-22 06:13:56', 'completed', '0.00', 2),
(433, '59K95487', 2, '2026-06-27 01:02:56', '2026-06-27 11:34:30', 'completed', '0.00', 1),
(435, '36E81599', 2, '2026-06-23 19:52:26', '2026-06-23 21:32:12', 'completed', '0.00', 1),
(440, '51Z91883', 2, '2026-06-23 19:31:03', '2026-06-23 21:17:36', 'completed', '0.00', 2),
(441, '34D63228', 2, '2026-06-20 05:29:39', '2026-06-20 11:15:13', 'completed', '0.00', 1),
(442, '34M80018', 2, '2026-06-25 07:47:53', '2026-06-25 12:41:37', 'completed', '10000.00', 1),
(444, '36X95901', 2, '2026-06-10 12:45:58', '2026-06-10 14:39:04', 'completed', '0.00', 1),
(445, '36E81599', 2, '2026-06-21 00:10:35', '2026-06-21 04:47:43', 'completed', '0.00', 1),
(446, '59L18082', 2, '2026-06-26 22:01:35', '2026-06-27 03:05:13', 'completed', '10000.00', 1),
(448, '59W27224', 2, '2026-06-11 08:44:35', '2026-06-11 14:22:34', 'completed', '0.00', 2),
(452, '43V80498', 2, '2026-06-14 06:14:08', '2026-06-14 08:47:05', 'completed', '0.00', 1),
(453, '30Q80933', 2, '2026-06-11 08:55:54', '2026-06-11 15:57:14', 'completed', '20000.00', 2),
(454, '36W86826', 2, '2026-06-23 21:42:51', '2026-06-24 04:23:03', 'completed', '20000.00', 2),
(456, '34Q91097', 2, '2026-06-23 13:04:26', '2026-06-23 23:45:12', 'completed', '15000.00', 1),
(457, '75D95385', 2, '2026-06-17 07:19:26', '2026-06-17 08:51:51', 'completed', '5000.00', 1),
(458, '51S51053', 2, '2026-06-16 21:11:39', '2026-06-17 02:21:37', 'completed', '10000.00', 1),
(459, '37K63845', 2, '2026-06-10 20:11:44', '2026-06-11 08:01:56', 'completed', '0.00', 1),
(460, '31D86183', 2, '2026-06-16 23:22:01', '2026-06-17 02:17:48', 'completed', '10000.00', 2),
(462, '43V80498', 2, '2026-06-23 20:23:40', '2026-06-24 07:11:43', 'completed', '0.00', 1),
(463, '75L93795', 2, '2026-06-25 03:22:33', '2026-06-25 11:27:03', 'completed', '15000.00', 1),
(464, '72W52622', 2, '2026-06-18 15:56:00', '2026-06-18 22:24:00', 'completed', '10000.00', 1),
(465, '59A70817', 2, '2026-06-25 16:21:07', '2026-06-25 22:48:27', 'completed', '20000.00', 2),
(467, '47G94759', 2, '2026-06-26 15:15:39', '2026-06-27 02:47:15', 'completed', '30000.00', 2),
(469, '72G19816', 2, '2026-06-12 07:36:59', '2026-06-12 13:15:18', 'completed', '0.00', 2),
(470, '30I32371', 2, '2026-06-25 10:30:47', '2026-06-25 19:24:42', 'completed', '0.00', 1),
(471, '47Y38502', 2, '2026-06-25 04:22:12', '2026-06-25 15:24:52', 'completed', '0.00', 1),
(473, '43L64859', 2, '2026-06-19 01:57:19', '2026-06-19 07:24:24', 'completed', '10000.00', 1),
(475, '72G19816', 2, '2026-06-13 04:32:54', '2026-06-13 12:30:23', 'completed', '0.00', 2),
(476, '36X95901', 2, '2026-06-08 22:35:43', '2026-06-09 01:44:34', 'completed', '0.00', 1),
(477, '29V92808', 2, '2026-06-12 02:41:16', '2026-06-12 10:42:00', 'completed', '0.00', 2),
(478, '51R78662', 2, '2026-06-20 17:35:42', '2026-06-20 22:07:47', 'completed', '20000.00', 2),
(479, '51I85191', 2, '2026-06-18 06:52:18', '2026-06-18 12:49:27', 'completed', '10000.00', 1),
(480, '43P47502', 2, '2026-06-14 04:22:52', '2026-06-14 12:53:45', 'completed', '15000.00', 1),
(481, '47Y88469', 2, '2026-06-16 22:43:27', '2026-06-17 09:29:59', 'completed', '0.00', 2),
(482, '72F87390', 2, '2026-06-14 13:10:03', '2026-06-14 17:59:01', 'completed', '0.00', 1),
(484, '36M83157', 2, '2026-06-09 12:35:28', '2026-06-09 15:31:48', 'completed', '0.00', 1),
(486, '43R69841', 2, '2026-06-23 03:05:06', '2026-06-23 07:01:07', 'completed', '5000.00', 1),
(487, '47Y38502', 2, '2026-06-11 16:18:41', '2026-06-11 22:32:33', 'completed', '0.00', 1),
(488, '29F68830', 2, '2026-06-24 14:34:07', '2026-06-25 01:58:57', 'completed', '0.00', 1),
(492, '30S68738', 2, '2026-06-21 19:40:08', '2026-06-22 00:51:13', 'completed', '0.00', 2),
(493, '47D60237', 2, '2026-06-17 22:57:02', '2026-06-18 08:06:02', 'completed', '15000.00', 1),
(497, '47R21342', 2, '2026-06-21 03:34:24', '2026-06-21 10:54:17', 'completed', '20000.00', 2),
(498, '31O99351', 2, '2026-06-17 12:53:57', '2026-06-17 22:49:48', 'completed', '0.00', 2),
(499, '34P55053', 2, '2026-06-16 19:46:04', '2026-06-16 20:57:46', 'completed', '10000.00', 2),
(501, '31O99351', 2, '2026-06-09 21:49:35', '2026-06-10 04:50:51', 'completed', '0.00', 2),
(503, '43A57590', 2, '2026-06-24 04:51:03', '2026-06-24 09:43:57', 'completed', '10000.00', 1),
(505, '51N16735', 2, '2026-06-18 22:11:34', '2026-06-19 05:18:32', 'completed', '0.00', 1),
(506, '51Q22680', 2, '2026-06-16 18:46:12', '2026-06-16 21:42:27', 'completed', '5000.00', 1),
(507, '59R52671', 2, '2026-06-18 20:35:24', '2026-06-19 01:02:26', 'completed', '0.00', 1),
(508, '29O20832', 2, '2026-06-15 04:18:17', '2026-06-15 12:49:37', 'completed', '0.00', 2),
(509, '51M10940', 2, '2026-06-25 03:53:11', '2026-06-25 06:16:22', 'completed', '5000.00', 1),
(510, '72G19816', 2, '2026-06-08 17:11:55', '2026-06-08 22:58:09', 'completed', '0.00', 2),
(511, '29Z46625', 2, '2026-06-26 05:35:30', '2026-06-26 16:15:37', 'completed', '0.00', 1),
(513, '43H91420', 2, '2026-06-16 03:41:09', '2026-06-16 15:00:30', 'completed', '15000.00', 1),
(515, '29Z46625', 2, '2026-06-18 01:02:25', '2026-06-18 08:33:06', 'completed', '0.00', 1),
(516, '47R66391', 2, '2026-06-15 21:53:43', '2026-06-16 05:43:40', 'completed', '10000.00', 1),
(517, '29H53365', 2, '2026-06-23 05:23:18', '2026-06-23 15:16:28', 'completed', '0.00', 2),
(519, '72L36475', 2, '2026-06-24 11:14:05', '2026-06-24 14:31:05', 'completed', '0.00', 2),
(522, '59Y52491', 2, '2026-06-16 08:52:08', '2026-06-16 15:52:04', 'completed', '10000.00', 1),
(523, '37Q39290', 2, '2026-06-23 08:09:38', '2026-06-23 14:37:19', 'completed', '10000.00', 1),
(525, '47Y38502', 2, '2026-06-15 11:05:43', '2026-06-15 15:36:10', 'completed', '0.00', 1),
(526, '72W56517', 2, '2026-06-09 17:01:43', '2026-06-09 20:43:55', 'completed', '0.00', 1),
(529, '29V53369', 2, '2026-06-12 01:30:23', '2026-06-12 09:55:01', 'completed', '30000.00', 2),
(531, '34V94220', 2, '2026-06-16 13:09:46', '2026-06-16 22:48:50', 'completed', '15000.00', 1),
(533, '36A44590', 2, '2026-06-22 22:58:34', '2026-06-23 07:10:21', 'completed', '0.00', 2),
(534, '29D12311', 2, '2026-06-10 21:49:37', '2026-06-11 07:26:50', 'completed', '0.00', 1),
(540, '72W56517', 2, '2026-06-09 10:43:38', '2026-06-09 13:13:30', 'completed', '0.00', 1),
(541, '75F26945', 2, '2026-06-16 01:35:59', '2026-06-16 03:15:59', 'completed', '5000.00', 1),
(542, '43T91008', 2, '2026-06-18 13:14:28', '2026-06-18 16:35:51', 'completed', '0.00', 1),
(546, '59O16645', 2, '2026-06-26 12:58:11', '2026-06-26 18:49:09', 'completed', '20000.00', 2),
(548, '30S68738', 2, '2026-06-24 17:22:19', '2026-06-25 03:43:05', 'completed', '0.00', 2),
(552, '47J48998', 2, '2026-06-15 03:40:43', '2026-06-15 08:49:11', 'completed', '0.00', 1),
(553, '43W48849', 2, '2026-06-26 02:33:38', '2026-06-26 04:58:41', 'completed', '5000.00', 1),
(554, '51G59137', 2, '2026-06-13 14:48:26', '2026-06-14 00:55:03', 'completed', '0.00', 1),
(556, '34K24671', 2, '2026-06-11 03:10:30', NULL, 'parking', '0.00', 1),
(557, '29L55803', 2, '2026-06-21 11:08:33', NULL, 'parking', '0.00', 1),
(558, '30N98299', 2, '2026-06-03 05:22:06', NULL, 'parking', '0.00', 2),
(559, '43L15052', 2, '2026-06-05 18:38:40', NULL, 'parking', '0.00', 1),
(560, '75S92598', 2, '2026-06-16 00:58:59', NULL, 'parking', '0.00', 2),
(561, '47U33429', 2, '2026-06-03 08:03:29', NULL, 'parking', '0.00', 1),
(562, '29Z89732', 2, '2026-06-02 08:45:44', NULL, 'parking', '0.00', 2),
(563, '47S46554', 2, '2026-06-09 17:11:21', NULL, 'parking', '0.00', 1),
(564, '72W56517', 2, '2026-06-14 05:50:05', NULL, 'parking', '0.00', 1),
(565, '30W36269', 2, '2026-06-14 14:52:55', NULL, 'parking', '0.00', 2),
(566, '29O20832', 2, '2026-06-09 11:27:23', NULL, 'parking', '0.00', 2),
(567, '31Z41448', 2, '2026-06-12 18:39:35', NULL, 'parking', '0.00', 2),
(568, '43L15052', 2, '2026-06-22 19:39:24', NULL, 'parking', '0.00', 1),
(569, '59R52671', 2, '2026-06-11 13:07:08', NULL, 'parking', '0.00', 1),
(570, '34D63228', 2, '2026-06-01 23:53:34', NULL, 'parking', '0.00', 1),
(571, '34D63228', 2, '2026-06-26 22:25:17', NULL, 'parking', '0.00', 1),
(572, '30I32371', 2, '2026-06-12 01:05:56', NULL, 'parking', '0.00', 1),
(573, '30U23524', 2, '2026-06-14 13:51:13', NULL, 'parking', '0.00', 1),
(574, '72W56517', 2, '2026-06-03 05:59:13', NULL, 'parking', '0.00', 1),
(575, '72G27206', 2, '2026-06-08 18:20:08', NULL, 'parking', '0.00', 1),
(576, '31K37776', 2, '2026-06-22 21:13:48', NULL, 'parking', '0.00', 1),
(577, '72G19816', 2, '2026-06-16 23:55:04', NULL, 'parking', '0.00', 2),
(578, '31V92944', 2, '2026-05-30 22:02:24', NULL, 'parking', '0.00', 1),
(579, '31X74696', 2, '2026-06-17 23:01:28', NULL, 'parking', '0.00', 1),
(580, '36Q78322', 2, '2026-05-31 07:45:15', NULL, 'parking', '0.00', 1),
(581, '29Z89732', 2, '2026-06-18 01:37:42', NULL, 'parking', '0.00', 2),
(582, '59K95487', 2, '2026-06-13 12:01:15', NULL, 'parking', '0.00', 1),
(583, '51Z42200', 2, '2026-05-31 04:11:02', NULL, 'parking', '0.00', 2),
(584, '51Z91883', 2, '2026-06-24 13:58:27', NULL, 'parking', '0.00', 2),
(585, '30W36269', 2, '2026-06-14 02:23:03', NULL, 'parking', '0.00', 2),
(586, '29H53365', 2, '2026-06-12 13:10:04', NULL, 'parking', '0.00', 2),
(587, '43R82330', 2, '2026-06-20 02:35:27', NULL, 'parking', '0.00', 1),
(588, '37K63845', 2, '2026-06-16 22:05:19', NULL, 'parking', '0.00', 1),
(589, '30Q45956', 2, '2026-06-04 16:06:15', NULL, 'parking', '0.00', 1),
(590, '59R52671', 2, '2026-06-15 17:23:20', NULL, 'parking', '0.00', 1),
(591, '59F15045', 2, '2026-06-25 23:23:14', NULL, 'parking', '0.00', 2),
(592, '34V79103', 2, '2026-06-03 20:20:45', NULL, 'parking', '0.00', 1),
(593, '29E53758', 2, '2026-06-15 05:20:05', NULL, 'parking', '0.00', 1),
(594, '59W54719', 2, '2026-06-02 02:17:12', NULL, 'parking', '0.00', 1),
(595, '75Y96392', 2, '2026-05-31 03:53:55', NULL, 'parking', '0.00', 2),
(596, '36E81599', 2, '2026-06-13 20:29:41', NULL, 'parking', '0.00', 1),
(597, '59Y14985', 2, '2026-05-30 17:48:50', NULL, 'parking', '0.00', 2),
(598, '51E64956', 2, '2026-05-29 12:57:51', NULL, 'parking', '0.00', 1),
(599, '72F87390', 2, '2026-06-02 00:37:44', NULL, 'parking', '0.00', 1),
(600, '29E10160', 2, '2026-06-04 12:05:17', NULL, 'parking', '0.00', 2),
(30001, '29A12345', 2, '2026-06-28 00:46:30', '2026-06-28 00:58:11', 'completed', '5000.00', 1),
(60001, '12Y34444', 2, '2026-06-29 06:29:38', '2026-06-29 06:30:25', 'completed', '5000.00', 1),
(90001, '88A1233', 2, '2026-06-29 06:50:59', '2026-06-29 06:51:09', 'completed', '10000.00', 2),
(90002, '88A1233', 2, '2026-06-29 06:51:13', NULL, 'parking', '0.00', 2),
(120001, '11A1234', 2, '2026-06-29 06:54:19', NULL, 'parking', '0.00', 2),
(120002, '29A12345', 2, '2026-06-29 07:04:16', '2026-06-29 07:24:36', 'completed', '0.00', 1),
(150001, '29A12345', 2, '2026-06-29 07:24:43', '2026-06-29 07:42:57', 'completed', '0.00', 1),
(150002, '12A1234', 2, '2026-06-29 07:25:06', NULL, 'parking', '0.00', 1),
(150003, '14A1234', 2, '2026-06-29 07:31:15', '2026-06-29 07:31:27', 'completed', '5000.00', 1),
(150004, '17A9999', 2, '2026-06-29 07:42:29', '2026-06-29 07:42:39', 'completed', '5000.00', 1);

-- Table: residents
DROP TABLE IF EXISTS `residents`;
CREATE TABLE `residents` (
  `resident_id` int NOT NULL AUTO_INCREMENT,
  `user_id` int DEFAULT NULL,
  `name` varchar(100) DEFAULT NULL,
  `apartment_number` varchar(20) DEFAULT NULL,
  `phone` varchar(15) DEFAULT NULL,
  `email` varchar(100) DEFAULT NULL,
  PRIMARY KEY (`resident_id`) /*T![clustered_index] CLUSTERED */,
  UNIQUE KEY `user_id` (`user_id`),
  CONSTRAINT `fk_1` FOREIGN KEY (`user_id`) REFERENCES `users` (`user_id`)
) ENGINE=InnoDB DEFAULT CHARSET=utf8mb4 COLLATE=utf8mb4_bin AUTO_INCREMENT=150001;

INSERT INTO `residents` (`resident_id`, `user_id`, `name`, `apartment_number`, `phone`, `email`) VALUES
(1, 11, 'Trần Văn An', 'A101', '0912345678', 'an@email.com'),
(2, 12, 'Lê Thị Bình', 'B202', '0923456789', 'binh@email.com'),
(3, 13, 'Phạm Quang Dũng', 'C303', '0934567890', 'dungpq@email.com'),
(4, 14, 'Nguyễn Mai Anh', 'A405', '0945678901', 'maianh@email.com'),
(30051, 30051, 'Lý Quốc Hải', 'B2-0807', '0982316469', 'cudan5@apartment.com'),
(30052, 30052, 'Đặng Văn Cường', 'C1-0304', '0986438739', 'cudan6@apartment.com'),
(30053, 30053, 'Phạm Thanh Quân', 'A1-1402', '0981989683', 'cudan7@apartment.com'),
(30054, 30054, 'Phạm Thu Bình', 'A1-0308', '0987963099', 'cudan8@apartment.com'),
(30055, 30055, 'Lê Ngọc Giang', 'C1-1109', '0987430641', 'cudan9@apartment.com'),
(30056, 30056, 'Võ Mai Phong', 'B1-0212', '0984275055', 'cudan10@apartment.com'),
(30057, 30057, 'Hoàng Thành Trang', 'A1-1104', '0989691695', 'cudan11@apartment.com'),
(30058, 30058, 'Phạm Quốc Tiến', 'B2-1112', '0989530130', 'cudan12@apartment.com'),
(30059, 30059, 'Dương Khánh Bình', 'C1-1602', '0984000742', 'cudan13@apartment.com'),
(30060, 30060, 'Lê Thành Phong', 'C2-1208', '0988393577', 'cudan14@apartment.com'),
(30061, 30061, 'Đỗ Mai Hương', 'A1-1410', '0981751080', 'cudan15@apartment.com'),
(30062, 30062, 'Bùi Hữu Hằng', 'C2-0701', '0989815439', 'cudan16@apartment.com'),
(30063, 30063, 'Trần Thanh Tùng', 'C2-0308', '0989254683', 'cudan17@apartment.com'),
(30064, 30064, 'Hoàng Tuyết Cường', 'B1-1504', '0982024083', 'cudan18@apartment.com'),
(30065, 30065, 'Nguyễn Hoàng Hương', 'A2-1004', '0984701973', 'cudan19@apartment.com'),
(30066, 30066, 'Lê Quốc Trâm', 'C2-0905', '0984802983', 'cudan20@apartment.com'),
(30067, 30067, 'Phạm Văn Tùng', 'C2-0409', '0985754935', 'cudan21@apartment.com'),
(30068, 30068, 'Phạm Hữu Vy', 'A2-1012', '0988843881', 'cudan22@apartment.com'),
(30069, 30069, 'Trần Thị Long', 'B2-0409', '0986631021', 'cudan23@apartment.com'),
(30070, 30070, 'Lý Đức An', 'A1-0511', '0989653748', 'cudan24@apartment.com'),
(30071, 30071, 'Lý Mai Quỳnh', 'C1-0801', '0984727465', 'cudan25@apartment.com'),
(30072, 30072, 'Võ Mai Giang', 'A2-1511', '0989489997', 'cudan26@apartment.com'),
(30073, 30073, 'Phan Thu Long', 'B2-0810', '0983598797', 'cudan27@apartment.com'),
(30074, 30074, 'Bùi Hữu Hoa', 'B1-1310', '0986895797', 'cudan28@apartment.com'),
(30075, 30075, 'Vũ Thị Cường', 'C2-1503', '0982539638', 'cudan29@apartment.com'),
(30076, 30076, 'Ngô Tuyết Giang', 'A1-1001', '0983624748', 'cudan30@apartment.com'),
(30077, 30077, 'Đặng Thị Sơn', 'A2-1307', '0989094115', 'cudan31@apartment.com'),
(30078, 30078, 'Võ Quốc Phúc', 'B1-0408', '0984940632', 'cudan32@apartment.com'),
(30079, 30079, 'Lý Đức Quân', 'B1-1603', '0987335565', 'cudan33@apartment.com'),
(30080, 30080, 'Đặng Đức Hoa', 'C1-0303', '0986494145', 'cudan34@apartment.com'),
(30081, 30081, 'Dương Ngọc Hằng', 'B1-1609', '0987230081', 'cudan35@apartment.com'),
(30082, 30082, 'Đặng Đức Tùng', 'C2-1607', '0988075884', 'cudan36@apartment.com'),
(30083, 30083, 'Lý Hoàng Dũng', 'C1-1309', '0984863200', 'cudan37@apartment.com'),
(30084, 30084, 'Bùi Thành Minh', 'C1-1612', '0986968867', 'cudan38@apartment.com'),
(30085, 30085, 'Lê Mai Hương', 'C1-1111', '0987786756', 'cudan39@apartment.com'),
(30086, 30086, 'Vũ Đức Hùng', 'A2-1305', '0983048266', 'cudan40@apartment.com'),
(30087, 30087, 'Đặng Quốc Quỳnh', 'A1-0906', '0988161446', 'cudan41@apartment.com'),
(30088, 30088, 'Trần Văn Linh', 'A2-0712', '0984686042', 'cudan42@apartment.com'),
(30089, 30089, 'Lý Tuyết Hoa', 'C2-0907', '0981768494', 'cudan43@apartment.com'),
(30090, 30090, 'Đặng Thanh Kiệt', 'C2-0207', '0986365988', 'cudan44@apartment.com'),
(30091, 30091, 'Nguyễn Thanh Hùng', 'A1-0909', '0981062931', 'cudan45@apartment.com'),
(30092, 30092, 'Vũ Tuyết Trâm', 'B2-1006', '0982607363', 'cudan46@apartment.com'),
(30093, 30093, 'Dương Thanh Minh', 'A1-0904', '0984140667', 'cudan47@apartment.com'),
(30094, 30094, 'Hoàng Khánh Quân', 'C2-1408', '0985639309', 'cudan48@apartment.com'),
(30095, 30095, 'Dương Thị Tiến', 'C1-1307', '0986313934', 'cudan49@apartment.com'),
(30096, 30096, 'Phan Hữu Kiệt', 'C1-0505', '0984214990', 'cudan50@apartment.com'),
(30097, 30097, 'Đỗ Ngọc Tiến', 'A2-0909', '0988253497', 'cudan51@apartment.com'),
(30098, 30098, 'Phạm Hồng Trang', 'C2-1103', '0985789565', 'cudan52@apartment.com'),
(30099, 30099, 'Dương Quốc Long', 'B2-0701', '0984209288', 'cudan53@apartment.com'),
(30100, 30100, 'Lê Khánh Cường', 'C1-0303', '0982397633', 'cudan54@apartment.com'),
(60001, 60002, 'Lê Huy Trường', 'A08', '0123466987', ''),
(90001, 90002, 'Nguyễn Đức ', 'B789', '0987456321', ''),
(120001, 150002, 'Nguyễn Cười', 'A109', '012345789', ''),
(120002, 150006, 'Trần Văn', 'A123', '014758955', '');

-- Table: roles
DROP TABLE IF EXISTS `roles`;
CREATE TABLE `roles` (
  `role_id` int NOT NULL AUTO_INCREMENT,
  `role_name` varchar(50) NOT NULL,
  PRIMARY KEY (`role_id`) /*T![clustered_index] CLUSTERED */
) ENGINE=InnoDB DEFAULT CHARSET=utf8mb4 COLLATE=utf8mb4_bin AUTO_INCREMENT=30002;

INSERT INTO `roles` (`role_id`, `role_name`) VALUES
(1, 'Super Admin'),
(2, 'Admin'),
(3, 'Security'),
(4, 'Resident');

-- Table: security
DROP TABLE IF EXISTS `security`;
CREATE TABLE `security` (
  `staff_id` int NOT NULL AUTO_INCREMENT,
  `user_id` int DEFAULT NULL,
  `name` varchar(100) DEFAULT NULL,
  `phone` varchar(15) DEFAULT NULL,
  PRIMARY KEY (`staff_id`) /*T![clustered_index] CLUSTERED */,
  UNIQUE KEY `user_id` (`user_id`),
  CONSTRAINT `fk_1` FOREIGN KEY (`user_id`) REFERENCES `users` (`user_id`)
) ENGINE=InnoDB DEFAULT CHARSET=utf8mb4 COLLATE=utf8mb4_bin AUTO_INCREMENT=90001;

INSERT INTO `security` (`staff_id`, `user_id`, `name`, `phone`) VALUES
(2, 10, 'Nguyễn Bảo Vệ', '0901234567'),
(30001, 120001, 'Nguyễn Dũng', '0147899632'),
(60001, 150003, 'Tôi Bảo vệ', '0423366552'),
(60002, 150007, 'Bảo Vệ Đây', '014789325');

-- Table: users
DROP TABLE IF EXISTS `users`;
CREATE TABLE `users` (
  `user_id` int NOT NULL AUTO_INCREMENT,
  `username` varchar(50) NOT NULL,
  `password` varchar(255) NOT NULL,
  `role_id` int DEFAULT NULL,
  `status` varchar(20) DEFAULT 'active',
  `failed_attempts` int DEFAULT '0',
  `created_at` timestamp DEFAULT CURRENT_TIMESTAMP,
  PRIMARY KEY (`user_id`) /*T![clustered_index] CLUSTERED */,
  UNIQUE KEY `username` (`username`),
  KEY `fk_1` (`role_id`),
  CONSTRAINT `fk_1` FOREIGN KEY (`role_id`) REFERENCES `roles` (`role_id`)
) ENGINE=InnoDB DEFAULT CHARSET=utf8mb4 COLLATE=utf8mb4_bin AUTO_INCREMENT=180001;

INSERT INTO `users` (`user_id`, `username`, `password`, `role_id`, `status`, `failed_attempts`, `created_at`) VALUES
(8, 'superadmin', '$2b$10$B4Sx4pi/0IVLnLp4E/Mt5eNUCA1vczBDWtMu7RYftuQZlDLv/asWa', 1, 'active', 0, '2026-06-27 00:41:30'),
(9, 'admin', '$2b$10$B4Sx4pi/0IVLnLp4E/Mt5eNUCA1vczBDWtMu7RYftuQZlDLv/asWa', 2, 'active', 0, '2026-06-27 00:41:30'),
(10, 'security', '$2b$10$B4Sx4pi/0IVLnLp4E/Mt5eNUCA1vczBDWtMu7RYftuQZlDLv/asWa', 3, 'active', 0, '2026-06-27 00:41:30'),
(11, 'resident', '$2b$10$B4Sx4pi/0IVLnLp4E/Mt5eNUCA1vczBDWtMu7RYftuQZlDLv/asWa', 4, 'active', 0, '2026-06-27 00:41:30'),
(12, 'resident2', '$2b$10$B4Sx4pi/0IVLnLp4E/Mt5eNUCA1vczBDWtMu7RYftuQZlDLv/asWa', 4, 'active', 0, '2026-06-27 00:41:30'),
(13, 'resident3', '$2b$10$B4Sx4pi/0IVLnLp4E/Mt5eNUCA1vczBDWtMu7RYftuQZlDLv/asWa', 4, 'active', 0, '2026-06-27 00:41:30'),
(14, 'resident4', '$2b$10$B4Sx4pi/0IVLnLp4E/Mt5eNUCA1vczBDWtMu7RYftuQZlDLv/asWa', 4, 'active', 0, '2026-06-27 00:41:30'),
(30051, 'cudan5', '$2b$10$B4Sx4pi/0IVLnLp4E/Mt5eNUCA1vczBDWtMu7RYftuQZlDLv/asWa', 4, 'active', 0, '2026-06-27 18:20:51'),
(30052, 'cudan6', '$2b$10$B4Sx4pi/0IVLnLp4E/Mt5eNUCA1vczBDWtMu7RYftuQZlDLv/asWa', 4, 'active', 0, '2026-06-27 18:20:51'),
(30053, 'cudan7', '$2b$10$B4Sx4pi/0IVLnLp4E/Mt5eNUCA1vczBDWtMu7RYftuQZlDLv/asWa', 4, 'active', 0, '2026-06-27 18:20:52'),
(30054, 'cudan8', '$2b$10$B4Sx4pi/0IVLnLp4E/Mt5eNUCA1vczBDWtMu7RYftuQZlDLv/asWa', 4, 'active', 0, '2026-06-27 18:20:52'),
(30055, 'cudan9', '$2b$10$B4Sx4pi/0IVLnLp4E/Mt5eNUCA1vczBDWtMu7RYftuQZlDLv/asWa', 4, 'active', 0, '2026-06-27 18:20:52'),
(30056, 'cudan10', '$2b$10$B4Sx4pi/0IVLnLp4E/Mt5eNUCA1vczBDWtMu7RYftuQZlDLv/asWa', 4, 'active', 0, '2026-06-27 18:20:52'),
(30057, 'cudan11', '$2b$10$B4Sx4pi/0IVLnLp4E/Mt5eNUCA1vczBDWtMu7RYftuQZlDLv/asWa', 4, 'active', 0, '2026-06-27 18:20:52'),
(30058, 'cudan12', '$2b$10$B4Sx4pi/0IVLnLp4E/Mt5eNUCA1vczBDWtMu7RYftuQZlDLv/asWa', 4, 'active', 0, '2026-06-27 18:20:52'),
(30059, 'cudan13', '$2b$10$B4Sx4pi/0IVLnLp4E/Mt5eNUCA1vczBDWtMu7RYftuQZlDLv/asWa', 4, 'active', 0, '2026-06-27 18:20:52'),
(30060, 'cudan14', '$2b$10$B4Sx4pi/0IVLnLp4E/Mt5eNUCA1vczBDWtMu7RYftuQZlDLv/asWa', 4, 'active', 0, '2026-06-27 18:20:52'),
(30061, 'cudan15', '$2b$10$B4Sx4pi/0IVLnLp4E/Mt5eNUCA1vczBDWtMu7RYftuQZlDLv/asWa', 4, 'active', 0, '2026-06-27 18:20:52'),
(30062, 'cudan16', '$2b$10$B4Sx4pi/0IVLnLp4E/Mt5eNUCA1vczBDWtMu7RYftuQZlDLv/asWa', 4, 'active', 0, '2026-06-27 18:20:52'),
(30063, 'cudan17', '$2b$10$B4Sx4pi/0IVLnLp4E/Mt5eNUCA1vczBDWtMu7RYftuQZlDLv/asWa', 4, 'active', 0, '2026-06-27 18:20:52'),
(30064, 'cudan18', '$2b$10$B4Sx4pi/0IVLnLp4E/Mt5eNUCA1vczBDWtMu7RYftuQZlDLv/asWa', 4, 'active', 0, '2026-06-27 18:20:53'),
(30065, 'cudan19', '$2b$10$B4Sx4pi/0IVLnLp4E/Mt5eNUCA1vczBDWtMu7RYftuQZlDLv/asWa', 4, 'active', 0, '2026-06-27 18:20:53'),
(30066, 'cudan20', '$2b$10$B4Sx4pi/0IVLnLp4E/Mt5eNUCA1vczBDWtMu7RYftuQZlDLv/asWa', 4, 'active', 0, '2026-06-27 18:20:53'),
(30067, 'cudan21', '$2b$10$B4Sx4pi/0IVLnLp4E/Mt5eNUCA1vczBDWtMu7RYftuQZlDLv/asWa', 4, 'active', 0, '2026-06-27 18:20:53'),
(30068, 'cudan22', '$2b$10$B4Sx4pi/0IVLnLp4E/Mt5eNUCA1vczBDWtMu7RYftuQZlDLv/asWa', 4, 'active', 0, '2026-06-27 18:20:53'),
(30069, 'cudan23', '$2b$10$B4Sx4pi/0IVLnLp4E/Mt5eNUCA1vczBDWtMu7RYftuQZlDLv/asWa', 4, 'active', 0, '2026-06-27 18:20:53'),
(30070, 'cudan24', '$2b$10$B4Sx4pi/0IVLnLp4E/Mt5eNUCA1vczBDWtMu7RYftuQZlDLv/asWa', 4, 'active', 0, '2026-06-27 18:20:53'),
(30071, 'cudan25', '$2b$10$B4Sx4pi/0IVLnLp4E/Mt5eNUCA1vczBDWtMu7RYftuQZlDLv/asWa', 4, 'active', 0, '2026-06-27 18:20:53'),
(30072, 'cudan26', '$2b$10$B4Sx4pi/0IVLnLp4E/Mt5eNUCA1vczBDWtMu7RYftuQZlDLv/asWa', 4, 'active', 0, '2026-06-27 18:20:53'),
(30073, 'cudan27', '$2b$10$B4Sx4pi/0IVLnLp4E/Mt5eNUCA1vczBDWtMu7RYftuQZlDLv/asWa', 4, 'active', 0, '2026-06-27 18:20:53'),
(30074, 'cudan28', '$2b$10$B4Sx4pi/0IVLnLp4E/Mt5eNUCA1vczBDWtMu7RYftuQZlDLv/asWa', 4, 'active', 0, '2026-06-27 18:20:53'),
(30075, 'cudan29', '$2b$10$B4Sx4pi/0IVLnLp4E/Mt5eNUCA1vczBDWtMu7RYftuQZlDLv/asWa', 4, 'active', 0, '2026-06-27 18:20:54'),
(30076, 'cudan30', '$2b$10$B4Sx4pi/0IVLnLp4E/Mt5eNUCA1vczBDWtMu7RYftuQZlDLv/asWa', 4, 'active', 0, '2026-06-27 18:20:54'),
(30077, 'cudan31', '$2b$10$B4Sx4pi/0IVLnLp4E/Mt5eNUCA1vczBDWtMu7RYftuQZlDLv/asWa', 4, 'active', 0, '2026-06-27 18:20:54'),
(30078, 'cudan32', '$2b$10$B4Sx4pi/0IVLnLp4E/Mt5eNUCA1vczBDWtMu7RYftuQZlDLv/asWa', 4, 'active', 0, '2026-06-27 18:20:54'),
(30079, 'cudan33', '$2b$10$B4Sx4pi/0IVLnLp4E/Mt5eNUCA1vczBDWtMu7RYftuQZlDLv/asWa', 4, 'active', 0, '2026-06-27 18:20:54'),
(30080, 'cudan34', '$2b$10$B4Sx4pi/0IVLnLp4E/Mt5eNUCA1vczBDWtMu7RYftuQZlDLv/asWa', 4, 'active', 0, '2026-06-27 18:20:54'),
(30081, 'cudan35', '$2b$10$B4Sx4pi/0IVLnLp4E/Mt5eNUCA1vczBDWtMu7RYftuQZlDLv/asWa', 4, 'active', 0, '2026-06-27 18:20:54'),
(30082, 'cudan36', '$2b$10$B4Sx4pi/0IVLnLp4E/Mt5eNUCA1vczBDWtMu7RYftuQZlDLv/asWa', 4, 'active', 0, '2026-06-27 18:20:54'),
(30083, 'cudan37', '$2b$10$B4Sx4pi/0IVLnLp4E/Mt5eNUCA1vczBDWtMu7RYftuQZlDLv/asWa', 4, 'active', 0, '2026-06-27 18:20:54'),
(30084, 'cudan38', '$2b$10$B4Sx4pi/0IVLnLp4E/Mt5eNUCA1vczBDWtMu7RYftuQZlDLv/asWa', 4, 'active', 0, '2026-06-27 18:20:54'),
(30085, 'cudan39', '$2b$10$B4Sx4pi/0IVLnLp4E/Mt5eNUCA1vczBDWtMu7RYftuQZlDLv/asWa', 4, 'active', 0, '2026-06-27 18:20:54'),
(30086, 'cudan40', '$2b$10$B4Sx4pi/0IVLnLp4E/Mt5eNUCA1vczBDWtMu7RYftuQZlDLv/asWa', 4, 'active', 0, '2026-06-27 18:20:55'),
(30087, 'cudan41', '$2b$10$B4Sx4pi/0IVLnLp4E/Mt5eNUCA1vczBDWtMu7RYftuQZlDLv/asWa', 4, 'active', 0, '2026-06-27 18:20:55'),
(30088, 'cudan42', '$2b$10$B4Sx4pi/0IVLnLp4E/Mt5eNUCA1vczBDWtMu7RYftuQZlDLv/asWa', 4, 'active', 0, '2026-06-27 18:20:55'),
(30089, 'cudan43', '$2b$10$B4Sx4pi/0IVLnLp4E/Mt5eNUCA1vczBDWtMu7RYftuQZlDLv/asWa', 4, 'active', 0, '2026-06-27 18:20:55'),
(30090, 'cudan44', '$2b$10$B4Sx4pi/0IVLnLp4E/Mt5eNUCA1vczBDWtMu7RYftuQZlDLv/asWa', 4, 'active', 0, '2026-06-27 18:20:55'),
(30091, 'cudan45', '$2b$10$B4Sx4pi/0IVLnLp4E/Mt5eNUCA1vczBDWtMu7RYftuQZlDLv/asWa', 4, 'active', 0, '2026-06-27 18:20:55'),
(30092, 'cudan46', '$2b$10$B4Sx4pi/0IVLnLp4E/Mt5eNUCA1vczBDWtMu7RYftuQZlDLv/asWa', 4, 'active', 0, '2026-06-27 18:20:55'),
(30093, 'cudan47', '$2b$10$B4Sx4pi/0IVLnLp4E/Mt5eNUCA1vczBDWtMu7RYftuQZlDLv/asWa', 4, 'active', 0, '2026-06-27 18:20:55'),
(30094, 'cudan48', '$2b$10$B4Sx4pi/0IVLnLp4E/Mt5eNUCA1vczBDWtMu7RYftuQZlDLv/asWa', 4, 'active', 0, '2026-06-27 18:20:55'),
(30095, 'cudan49', '$2b$10$B4Sx4pi/0IVLnLp4E/Mt5eNUCA1vczBDWtMu7RYftuQZlDLv/asWa', 4, 'active', 0, '2026-06-27 18:20:55'),
(30096, 'cudan50', '$2b$10$B4Sx4pi/0IVLnLp4E/Mt5eNUCA1vczBDWtMu7RYftuQZlDLv/asWa', 4, 'active', 0, '2026-06-27 18:20:55'),
(30097, 'cudan51', '$2b$10$B4Sx4pi/0IVLnLp4E/Mt5eNUCA1vczBDWtMu7RYftuQZlDLv/asWa', 4, 'active', 0, '2026-06-27 18:20:56'),
(30098, 'cudan52', '$2b$10$B4Sx4pi/0IVLnLp4E/Mt5eNUCA1vczBDWtMu7RYftuQZlDLv/asWa', 4, 'active', 0, '2026-06-27 18:20:56'),
(30099, 'cudan53', '$2b$10$B4Sx4pi/0IVLnLp4E/Mt5eNUCA1vczBDWtMu7RYftuQZlDLv/asWa', 4, 'active', 0, '2026-06-27 18:20:56'),
(30100, 'cudan54', '$2b$10$B4Sx4pi/0IVLnLp4E/Mt5eNUCA1vczBDWtMu7RYftuQZlDLv/asWa', 4, 'active', 0, '2026-06-27 18:20:56'),
(60001, 'admin1', '$2b$10$rqAjcYHKQmAv0MGf1xUNyOlWOjw5l/fbv9J7NB5Oo4T3EUCKk/jSK', 2, 'active', 0, '2026-06-29 06:17:00'),
(60002, 'resident123', '$2b$10$b6nKSLCcyxEktVl9OUWXfOspctwentcMv6Whi/RhJkfPydCIUqRMm', 4, 'active', 0, '2026-06-29 06:19:37'),
(90001, 'admin2', '$2b$10$PejyDk8ACGj2yFEAkBYFEe8ZuR4Jg1bdFbCJ8VjmFyu5012Zs7.im', 2, 'active', 0, '2026-06-29 06:46:20'),
(90002, 'resident000', '$2b$10$o/bbVEK2vFHwUzhGeaGXZu..rMu9xFg1wOo2yROqatWVlGMu5xQ6a', 4, 'active', 0, '2026-06-29 06:48:01'),
(120001, 'security2', '$2b$10$uBmSZtSaHjrqkue.89hIzue7/14mV/5SMFco/gdVEjXjM9JJRDR..', 3, 'active', 0, '2026-06-29 06:50:19'),
(150001, 'admin32', '$2b$10$oytfCQJpOJJv0qEdTrpTRufMAHztg3ZJb1R2tPPZjLpdSLsQDrjkm', 2, 'active', 0, '2026-06-29 07:27:01'),
(150002, 'resident111', '$2b$10$dcDnSy3.MRbJcFtBi6SyLemTNHd8OqLLFvbOI8GXhnWSt9FrRFVBm', 4, 'active', 0, '2026-06-29 07:29:24'),
(150003, 'baove1', '$2b$10$0NkmwydJYEz0cFPAblun7OyXtcn08WMccL9CGFu4.bxxeqW6.ku/i', 3, 'active', 0, '2026-06-29 07:30:19'),
(150005, 'admin9', '$2b$10$FMa9Kzdlk5LzUfubgnWsUej2g1btcGMKdnplUEBXTtbdVeSgJLHuu', 2, 'active', 0, '2026-06-29 07:38:59'),
(150006, 'resident9191', '$2b$10$ZfiZPp6y3RvuFf.VQHat/OY/eJIWXkfR4iaBtKrHTlIF9JRsQU9n6', 4, 'active', 0, '2026-06-29 07:40:45'),
(150007, 'resident22', '$2b$10$GcWHVpKv88bo5KcLeW92V.aBaO.G4cVqfF0Od8EkqnlgBRC4AlrD2', 3, 'active', 0, '2026-06-29 07:41:46');

-- Table: vehicle_types
DROP TABLE IF EXISTS `vehicle_types`;
CREATE TABLE `vehicle_types` (
  `type_id` int NOT NULL,
  `type_name` varchar(50) NOT NULL,
  PRIMARY KEY (`type_id`) /*T![clustered_index] CLUSTERED */
) ENGINE=InnoDB DEFAULT CHARSET=utf8mb4 COLLATE=utf8mb4_bin;

INSERT INTO `vehicle_types` (`type_id`, `type_name`) VALUES
(1, 'Xe máy'),
(2, 'Ô tô'),
(3, 'Xe điện');

-- Table: vehicles
DROP TABLE IF EXISTS `vehicles`;
CREATE TABLE `vehicles` (
  `plate_number` varchar(15) NOT NULL,
  `resident_id` int DEFAULT NULL,
  `type_id` int DEFAULT NULL,
  `color` varchar(30) DEFAULT NULL,
  `status` varchar(20) DEFAULT 'pending',
  `rejection_reason` varchar(255) DEFAULT NULL,
  PRIMARY KEY (`plate_number`) /*T![clustered_index] CLUSTERED */,
  KEY `fk_1` (`resident_id`),
  KEY `fk_2` (`type_id`),
  CONSTRAINT `fk_1` FOREIGN KEY (`resident_id`) REFERENCES `residents` (`resident_id`),
  CONSTRAINT `fk_2` FOREIGN KEY (`type_id`) REFERENCES `vehicle_types` (`type_id`)
) ENGINE=InnoDB DEFAULT CHARSET=utf8mb4 COLLATE=utf8mb4_bin;

INSERT INTO `vehicles` (`plate_number`, `resident_id`, `type_id`, `color`, `status`, `rejection_reason`) VALUES
('13A9999', 120001, 2, 'Trắng', 'active', NULL),
('29A12345', 1, 1, 'Đỏ', 'active', NULL),
('29D12311', 30086, 1, 'Đen', 'active', NULL),
('29F68830', 30065, 1, 'Đen', 'active', NULL),
('29H53365', 30063, 2, 'Bạc', 'active', NULL),
('29O20832', 30094, 2, 'Vàng', 'active', NULL),
('29V92808', 30058, 2, 'Xám', 'active', NULL),
('29X93404', 30097, 2, 'Vàng', 'active', NULL),
('29Y96482', 30099, 2, 'Đen', 'active', NULL),
('29Z46625', 30072, 1, 'Nâu', 'active', NULL),
('29Z89732', 30053, 2, 'Xanh', 'active', NULL),
('30A9999', 1, 1, 'Đỏ', 'active', NULL),
('30B67890', 2, 2, 'Trắng', 'active', NULL),
('30H48286', 30057, 1, 'Xanh Rêu', 'active', NULL),
('30I32371', 30079, 1, 'Nâu', 'active', NULL),
('30N98299', 30060, 2, 'Xám', 'active', NULL),
('30S68738', 30090, 2, 'Đen', 'active', NULL),
('30U23524', 30053, 1, 'Xanh', 'active', NULL),
('30W36269', 30085, 2, 'Đỏ', 'active', NULL),
('31C27369', 30081, 1, 'Đỏ', 'active', NULL),
('31K52606', 30095, 1, 'Xanh', 'active', NULL),
('31O99351', 30068, 2, 'Bạc', 'active', NULL),
('31Z41448', 30076, 2, 'Xám', 'active', NULL),
('34D63228', 30059, 1, 'Đen', 'active', NULL),
('34J97689', 30067, 2, 'Nâu', 'active', NULL),
('34K24671', 30099, 1, 'Bạc', 'active', NULL),
('34K67029', 30091, 2, 'Đen', 'active', NULL),
('34M33037', 30070, 1, 'Trắng', 'active', NULL),
('34R94528', 30094, 2, 'Xanh Rêu', 'active', NULL),
('34V79103', 30060, 1, 'Đen', 'active', NULL),
('34X41074', 30065, 1, 'Xám', 'active', NULL),
('36A44590', 30088, 2, 'Xanh', 'active', NULL),
('36C87875', 30082, 2, 'Nâu', 'active', NULL),
('36D47156', 30076, 1, 'Xám', 'active', NULL),
('36E81599', 30059, 1, 'Vàng', 'active', NULL),
('36M83157', 30067, 1, 'Vàng', 'active', NULL),
('36Q53283', 30068, 1, 'Xám', 'active', NULL),
('36X95901', 30079, 1, 'Xanh', 'active', NULL),
('36Y10027', 30069, 1, 'Đỏ', 'active', NULL),
('37K63845', 30070, 1, 'Xám', 'active', NULL),
('37T95446', 30055, 2, 'Xám', 'active', NULL),
('43F56005', 30075, 1, 'Xanh', 'rejected', 'Ảnh đăng ký xe bị mờ'),
('43L15052', 30100, 1, 'Nâu', 'active', NULL),
('43Q16974', 30092, 1, 'Xanh', 'active', NULL),
('43T91008', 30057, 1, 'Đen', 'active', NULL),
('43V80498', 30090, 1, 'Xanh Rêu', 'active', NULL),
('43W68637', 30061, 1, 'Bạc', 'active', NULL),
('47J48998', 30068, 1, 'Xanh Rêu', 'active', NULL),
('47N49191', 30097, 1, 'Vàng', 'active', NULL),
('47Y38502', 30075, 1, 'Xanh Rêu', 'active', NULL),
('47Y88469', 30098, 2, 'Vàng', 'active', NULL),
('51E64956', 30091, 1, 'Bạc', 'active', NULL),
('51F99999', 3, 2, 'Đen', 'active', NULL),
('51G59137', 30086, 1, 'Nâu', 'active', NULL),
('51N16735', 30079, 1, 'Nâu', 'active', NULL),
('51T29646', 30089, 2, 'Vàng', 'active', NULL),
('51T61989', 30077, 2, 'Vàng', 'active', NULL),
('51Y64139', 30088, 1, 'Xanh Rêu', 'active', NULL),
('51Z91883', 30057, 2, 'Đỏ', 'active', NULL),
('55A55555', 120002, 2, 'Đen', 'active', NULL),
('59C30327', 30073, 2, 'Vàng', 'active', NULL),
('59K95487', 30071, 1, 'Xám', 'active', NULL),
('59M111111', 3, 1, 'Xanh', 'active', NULL),
('59O11085', 30095, 2, 'Xanh Rêu', 'active', NULL),
('59R52671', 30055, 1, 'Đen', 'active', NULL),
('59W27224', 30081, 2, 'Đỏ', 'active', NULL),
('59W54719', 30055, 1, 'Nâu', 'active', NULL),
('60C88888', 4, 1, 'Xám', 'active', NULL),
('66AB14789', 30051, 1, 'đen', 'active', NULL),
('72F62528', 30092, 1, 'Xanh Rêu', 'pending', NULL),
('72F87390', 30095, 1, 'Đỏ', 'active', NULL),
('72G19816', 30058, 2, 'Xám', 'active', NULL),
('72G27206', 30082, 1, 'Đen', 'active', NULL),
('72L36475', 30095, 2, 'Đen', 'active', NULL),
('72W56517', 30057, 1, 'Xanh Rêu', 'active', NULL),
('75J16104', 30091, 1, 'Đen', 'rejected', 'Biển số xe không khớp với giấy tờ đăng ký'),
('75S92598', 30054, 2, 'Xanh Rêu', 'active', NULL),
('75U59309', 30084, 1, 'Vàng', 'active', NULL),
('75W50028', 30098, 1, 'Trắng', 'active', NULL),
('88A1233', 30063, 2, 'Trắng', 'active', NULL),
('99A88888', 1, 2, 'Vàng', 'pending', NULL);

SET FOREIGN_KEY_CHECKS = 1;
